round,test_acc,test_loss,train_loss,train_acc,num_clients,round_time_s
1,0.1944,2.195467242431641,1.6608511553430558,0.40507,10,26.043837547302246
2,0.2915,1.9657086059570312,1.4985788301098346,0.46011,10,23.40263557434082
3,0.329,1.8645063659667969,1.4098275277417898,0.4908,10,23.25759792327881
4,0.3707,1.7633760437011718,1.3528295291614532,0.512,10,22.82817506790161
5,0.3802,1.7220213470458985,1.308352270565629,0.52817,10,23.09823727607727
6,0.3915,1.6614419586181641,1.2708026702773572,0.5434,10,22.562677145004272
7,0.4135,1.6058575592041016,1.2377268870800733,0.55402,10,23.1539888381958
8,0.4165,1.5802052612304687,1.210350280495286,0.56447,10,24.04295778274536
9,0.4332,1.5444163116455079,1.1823079726856947,0.57331,10,24.38898992538452
10,0.434,1.5354403747558594,1.1671013807708024,0.58127,10,24.578311681747437
11,0.4434,1.5096464050292968,1.148112951551974,0.58757,10,24.449066877365112
12,0.4498,1.4961182861328124,1.128011572293043,0.59599,10,24.227078199386597
13,0.4569,1.4699365661621093,1.1092564503979683,0.6002,10,24.93664264678955
14,0.4618,1.455947018432617,1.0934087146157025,0.60806,10,24.599227905273438
15,0.469,1.4455863616943359,1.0839050488382578,0.61211,10,23.466121196746826
16,0.4822,1.4069683654785157,1.0645824038147926,0.62043,10,23.196566104888916
17,0.4882,1.3952827911376953,1.0521840913712979,0.62542,10,23.340996742248535
18,0.4983,1.3836829650878906,1.0388018313437701,0.63044,10,23.262825965881348
19,0.5072,1.358619451904297,1.030257678640485,0.63392,10,23.010587692260742
20,0.5156,1.334932015991211,1.0161857932639122,0.6374,10,24.166911602020264
21,0.5217,1.325396875,1.0117037019684911,0.64119,10,23.087710857391357
22,0.524,1.319113833618164,0.9967186163213849,0.64673,10,23.76993703842163
23,0.5387,1.2936332977294922,0.9922414631512761,0.64874,10,22.41487216949463
24,0.5335,1.2886878356933593,0.9846524409425259,0.64945,10,22.615736484527588
25,0.5381,1.2809957946777344,0.9748663363575936,0.65395,10,22.90846037864685
26,0.5462,1.2668089904785156,0.9641343757873774,0.65807,10,22.399913787841797
27,0.5474,1.2608614013671875,0.960045939642787,0.6599,10,22.5702006816864
28,0.5482,1.2469005035400391,0.9458300078630447,0.66461,10,23.572165966033936
29,0.5505,1.241877426147461,0.9423910857838392,0.66577,10,23.684700965881348
30,0.5496,1.2419592254638672,0.9346398900389671,0.66915,10,23.84011697769165
31,0.5526,1.2357176330566406,0.9276596820455789,0.67037,10,22.230127573013306
32,0.5643,1.2092751831054687,0.9220903528487683,0.6734,10,21.796560287475586
33,0.5604,1.2136962677001952,0.9144556540891529,0.67603,10,21.9429829120636
34,0.5685,1.2018016723632812,0.9117750966197252,0.67525,10,21.93710970878601
35,0.5623,1.2078607513427735,0.9067237689897418,0.67819,10,22.49544334411621
36,0.5758,1.1829886566162109,0.899911256814897,0.68072,10,23.13200306892395
37,0.5768,1.1815051635742186,0.8890777394104004,0.6867,10,23.585957765579224
38,0.567,1.192829736328125,0.8960555404028296,0.68369,10,21.630043983459473
39,0.5779,1.1719686126708984,0.8834639717715979,0.68623,10,21.52017569541931
40,0.5839,1.1626716766357421,0.8814654172423482,0.68688,10,21.805721044540405
41,0.5839,1.1645845703125,0.8729258866900206,0.69159,10,21.52437663078308
42,0.5835,1.1579404052734374,0.869738389313817,0.69237,10,21.60914897918701
43,0.5909,1.1465304809570311,0.864928753759861,0.69461,10,21.525580883026123
44,0.5852,1.1429087829589843,0.856875498740375,0.69638,10,21.588555812835693
45,0.5959,1.1231022674560547,0.8571961060816049,0.69694,10,21.518380403518677
46,0.5999,1.1203382354736329,0.8518292380794883,0.69957,10,21.600088834762573
47,0.5983,1.126670346069336,0.8535685603278875,0.69881,10,21.672756910324097
48,0.5999,1.1244375610351562,0.8454891850295663,0.69936,10,21.9308500289917
49,0.6058,1.1064934783935547,0.8446183516806364,0.7009,10,22.016550540924072
50,0.6023,1.1114150482177734,0.8319627145314217,0.70654,10,21.891241550445557
